,type,seed,difficulty,dnn_xs,dnn_m,lstm_xs,open_lstm_m,last_value,regression,arima,entropy
0,size_1000_seed_1_config_multi_sinusoidal_num_sin_1_lookback_10,1,1,0.013432133011519909,0.010804739780724049,0.036036547273397446,0.00029048213036730886,0.007955929264426231,0.001777265174974449,0.0019551909758357055,2.503846901546303
